{
  "model": "models/Qwen__Qwen3-4B/M2.3_ablation_baked",
  "best_layer": 17,
  "bypass_scores": [
    -9.64864427073394,
    -11.281000211901326,
    -13.115730308213427,
    -13.793177325226749,
    -14.614589142523958,
    -14.255290626103259,
    -14.891517705689163,
    -13.45469573110078,
    -13.598070318132448,
    -12.800223597175808,
    -12.759739217992772,
    -11.934113384911704,
    -11.792214165561667,
    -6.946036826767234,
    -8.923498104290674,
    -10.170570963772583,
    -9.764428335191836,
    -14.234154991591623,
    -14.653729545067144,
    -15.044312723969675,
    -14.857360924007983,
    -10.462346555159556,
    -11.401364671333608,
    -15.063360885814438,
    -14.875039751276084,
    -14.3107791988574,
    -13.425771744102112,
    -13.292790627670696,
    -13.309880505332313,
    -13.789171497539627,
    -13.756659925833151,
    -14.010659605845888,
    -13.711877672344151,
    -13.34978571180699,
    -11.81114318117815,
    -13.853845764019233
  ],
  "induce_scores": [
    -14.409428195398547,
    -14.40177479723743,
    -14.354832325882679,
    -14.35852825058884,
    -14.427110093259941,
    -14.479840272692577,
    -14.519606699465353,
    -14.532759163362346,
    -14.585981327547056,
    -14.465384760195377,
    -14.519642983025303,
    -14.852736358335584,
    -14.830947616516148,
    -14.81464375195818,
    -14.772738918298263,
    -14.563812380752136,
    -13.848198088007138,
    -13.610391067391422,
    -13.102296446912037,
    -12.275630925023865,
    -12.304264887289378,
    -12.26970094741728,
    -12.202210099786146,
    -12.721492455314024,
    -12.998114486578892,
    -12.817471108758664,
    -12.776823876528994,
    -12.807869504256878,
    -13.079528266181281,
    -13.174896170088498,
    -13.442136394932618,
    -12.963310491026313,
    -12.847211307802588,
    -12.674108075564112,
    -13.44994766205259,
    -14.491426520015821
  ],
  "kl_scores": [
    1.9976827729586986,
    2.8875025444605806,
    2.525205169476367,
    0.41927099347717817,
    0.5203241842193165,
    0.3788660843697374,
    0.555972566891969,
    0.3051986819560937,
    0.7106543993467374,
    0.9966397903106327,
    1.0843583938894974,
    0.4225083986086374,
    2.971390699137127,
    4.8029591457972485,
    1.8554370341211843,
    1.4539227275127102,
    5.6599680367202625,
    2.2179668808996986,
    0.6302973225704792,
    0.9471496906027678,
    0.7593643689645012,
    1.418532603615759,
    0.9617360375237922,
    0.2836156438433326,
    0.33215160127647714,
    0.3198375204630375,
    0.2607881484954678,
    0.29775545339685144,
    0.2737556377633543,
    0.6391975262769745,
    0.7905448830244657,
    1.5401211320071908,
    0.8384364097905583,
    0.7762927717171698,
    3.8690033017100496,
    0.21301339829240942
  ]
}