{
  "model": "Qwen/Qwen3.5-4B",
  "best_layer": 26,
  "bypass_scores": [
    6.067610717919797,
    6.715514950504026,
    6.274762828458737,
    6.24064269072251,
    6.475294700228449,
    6.726039455834382,
    5.1102604009726145,
    4.0022994280387625,
    -0.16646282711081473,
    -1.6375555851864505,
    -6.2830119169320655,
    1.469184156382049,
    1.433451910107259,
    3.010890953804455,
    2.2091272565159343,
    1.6748496341604375,
    0.16183259358726276,
    -0.8351385011789892,
    -1.3761022679115515,
    -2.7674325507170456,
    -2.6951053614229465,
    -3.9998405862449395,
    -6.093899614900927,
    -6.491563898230469,
    -7.945850461049757,
    -6.815749552136891,
    -7.421736815751806,
    -7.218905356352785,
    -5.71723467542192,
    -6.178867544791234,
    -6.543976052041819,
    -2.882359909621192
  ],
  "induce_scores": [
    -11.177752478845306,
    -11.20195206409034,
    -11.170716118896468,
    -10.793342035122294,
    -10.928591734919236,
    -11.028170103440525,
    -10.92368363248961,
    -9.754468001441227,
    -7.803691252501317,
    -3.1682180898515724,
    0.21360600408518343,
    1.8052897092325035,
    2.1912389355202153,
    2.3411176389643913,
    2.6827876475857764,
    4.342971074438578,
    5.108598283992206,
    5.231436264572349,
    5.307209459552553,
    4.792394886708081,
    4.744681513097526,
    4.345554854546346,
    4.10074601264292,
    4.182513391161628,
    4.255348439036853,
    3.586568900412817,
    3.3213909919220446,
    2.9981484140644765,
    2.2445106371159222,
    2.5206633138746217,
    2.2599121447410413,
    1.7049318200676449
  ],
  "kl_scores": [
    0.22730667011455807,
    0.04686702371316187,
    0.07231130093475713,
    0.05467562156616168,
    0.10825371622536295,
    0.12713815121423977,
    0.14148842482973123,
    0.0445969234440895,
    0.11005185123138972,
    0.05701145630717974,
    0.07390706116905221,
    0.20853726116502003,
    0.42968868355455925,
    0.8013014532698435,
    0.35596484919824434,
    0.6521303618792444,
    0.6723512366825162,
    0.40607562007016895,
    0.7077967902896489,
    0.44708970765805134,
    0.6023976243850484,
    0.37135888808415984,
    0.3872624738705781,
    0.47124549858108367,
    0.4016104714864923,
    0.49544038205021934,
    0.11707707030745951,
    0.6202355164723485,
    0.4846925507317792,
    0.3812148595088729,
    0.10093519608312818,
    0.1567662850719671
  ]
}