{
  "model": "models/Qwen__Qwen3.5-4B/M1_EM_model_bad_data",
  "best_layer": 0,
  "bypass_scores": [
    -2.9734443918439197,
    -2.913058742903791,
    -3.44741648947353,
    -3.2760825345006905,
    -3.5990084739758936,
    -3.2399663795638483,
    -3.5312757937045958,
    -4.329876548408095,
    -4.521760595102372,
    -5.350218561415085,
    -5.841452683162208,
    -5.055756548832303,
    -4.948748672053156,
    -5.018350557856167,
    -4.615829998804295,
    -5.179125981191479,
    -5.5873614115029735,
    -5.21504817245485,
    -6.338397692587896,
    -6.726833266191873,
    -6.860395405575451,
    -6.687225365461883,
    -7.217795768596001,
    -6.925156748340378,
    -7.118452458568118,
    -7.023178260210799,
    -7.330937994549985,
    -6.326970249375428,
    -6.180458896995418,
    -6.281367547322677,
    -6.199436124454826,
    -4.429941836656165
  ],
  "induce_scores": [
    -6.152142534015175,
    -6.137531023104804,
    -6.141577173105772,
    -6.078024511932279,
    -6.078960329266613,
    -6.088711102745451,
    -6.021116368607994,
    -5.869948379689234,
    -5.761972750735074,
    -5.542243509534489,
    -5.358821771654406,
    -5.1574369839311345,
    -4.9117595903008455,
    -5.037794036248311,
    -5.205701420122974,
    -5.0085745315540064,
    -4.646824836846499,
    -4.569632993162752,
    -4.114030792115759,
    -3.621060949048631,
    -3.526855145100885,
    -3.4282247235806804,
    -3.2880395924802275,
    -3.197552808307461,
    -3.1976677916244753,
    -3.329750537893474,
    -3.3217791673000483,
    -3.3226992867059066,
    -3.434462741121059,
    -3.430174897472161,
    -3.6247757822161235,
    -4.240022701056053
  ],
  "kl_scores": [
    0.1417672151583247,
    0.025253988045733422,
    0.036296249061706476,
    0.009090703973924974,
    0.051643338047142606,
    0.046936094244301785,
    0.05155986082536401,
    0.015170546303124866,
    0.016540347984118853,
    0.06166752330318559,
    0.15447250270517543,
    0.010387133490439737,
    0.021964630719594425,
    0.01570499014815141,
    0.03343558288634085,
    0.019860713757225312,
    0.02637819256938201,
    0.03788426093160524,
    0.0887933678659465,
    0.13473777497711126,
    0.1506521160954435,
    0.1823497953810147,
    0.3803648645989597,
    0.19981042660947423,
    0.17068061004101764,
    0.1739431322494056,
    0.3706252328120172,
    0.11173871533173951,
    0.10889820617740043,
    0.10838209794019349,
    0.083241114843986,
    0.220558637753129
  ]
}