{
  "model": "models/Qwen__Qwen3-4B/M1_EM_model_good_data",
  "best_layer": 11,
  "bypass_scores": [
    -1.6980281589297064,
    -1.5843429119168975,
    -1.535403763290393,
    -2.01386225473752,
    -1.9644881060435633,
    -1.9950726860496124,
    -2.2862608908606705,
    -1.878086668771492,
    -1.9953116475705452,
    -1.8081427553382945,
    -1.720411793238915,
    -2.6154337546140503,
    -2.3793000864052765,
    -2.8776713146716038,
    -2.804308121718511,
    -2.5114380991436693,
    -2.8793012446004704,
    -2.5899506055895327,
    -4.080696400255943,
    -4.233527116975136,
    -3.3064427403262147,
    -4.4945315954084295,
    -6.107411765941137,
    -6.784139314982261,
    -6.588049786280614,
    -6.917351215555597,
    -6.839127384919587,
    -6.944994538856213,
    -6.895637881101988,
    -7.0826745518311975,
    -7.116584802806448,
    -7.281717070803338,
    -7.198324301661482,
    -7.135731799982521,
    -7.345246207259377,
    -9.055545488572232
  ],
  "induce_scores": [
    -5.848395174983802,
    -5.835128541498544,
    -5.852832997962279,
    -5.847357659789216,
    -5.834293122441871,
    -5.8603288147734585,
    -5.854413915996592,
    -5.8769231138196565,
    -5.826938343941289,
    -5.838992100081145,
    -5.844069823031961,
    -5.781280807224039,
    -5.673884274352257,
    -5.5621116183498245,
    -5.518055233766613,
    -5.422708845531231,
    -5.280262101135696,
    -4.9384561651614005,
    -3.783549281252733,
    -2.987822553731169,
    -2.6828275620383706,
    -2.7209315514556374,
    -2.0573609938856916,
    -1.8070639681592227,
    -1.861837185884092,
    -1.9236846218864982,
    -1.8895267659773902,
    -1.957032714479064,
    -1.957484676249936,
    -1.9822683287400424,
    -2.0161232905941473,
    -2.0994198389843644,
    -2.1227196285495085,
    -2.156668658693347,
    -2.3225145500014976,
    -2.3974473615384726
  ],
  "kl_scores": [
    0.13076842280861456,
    0.26490879710763693,
    0.1449587833485566,
    0.023382842538921977,
    0.030564773434889503,
    0.012110155505069997,
    0.04133283035480417,
    0.028623734135180712,
    0.05842919970746152,
    0.09904763761733193,
    0.11564233066746965,
    0.10466152544540819,
    0.13044049243762856,
    0.2000267943367362,
    0.01932581519940868,
    0.028234819103090558,
    0.025045697093446506,
    0.14013831835472956,
    0.10571330852690153,
    0.14493679723818786,
    0.3356750466628,
    0.11221403779927641,
    0.0180250502016861,
    0.042609362779330695,
    0.027708493715181248,
    0.040150971866751206,
    0.02915837942418875,
    0.04516223077735049,
    0.059497041587746935,
    0.060900542892341036,
    0.04540519950387534,
    0.048568536556558684,
    0.02248142815369647,
    0.020573272874571558,
    0.01978616660926491,
    0.5021354800555855
  ]
}