{
  "model": "models/Qwen__Qwen3.5-4B/M2.3_ablation_baked",
  "best_layer": 0,
  "bypass_scores": [
    -7.607180063532867,
    -7.543293914315486,
    -8.0553293270291,
    -7.943976284247417,
    -7.834813788517728,
    -7.4532476513759525,
    -6.960453059526347,
    -6.93568431217211,
    -6.210391546501514,
    -5.3257348400405355,
    -5.938721444014831,
    -5.121333024695945,
    -5.373595599948107,
    -4.874127993274225,
    -4.196792398018664,
    -5.2251492620670765,
    -5.554008222293504,
    -6.175645413229189,
    -7.3891977996861655,
    -6.553608486301211,
    -5.460703134703488,
    -3.808413147180839,
    -3.7903924825403386,
    -3.3985553411785925,
    -2.7506110398748596,
    -2.5323747683366435,
    -1.8916356187426504,
    -3.0195101659015093,
    -2.917572928933941,
    -3.373399460754651,
    -3.6385311739567614,
    -4.505993587860087
  ],
  "induce_scores": [
    -8.37164529152596,
    -8.406374207612192,
    -8.365064217702349,
    -8.020474803321033,
    -8.232662195719715,
    -8.286377938185085,
    -8.304915802101766,
    -8.070286286002515,
    -7.8240090876824935,
    -7.303106999588287,
    -6.7585564680797985,
    -6.502822169415247,
    -6.355982227909706,
    -6.808305246881249,
    -6.175566997706607,
    -7.205876852701414,
    -7.895460346447332,
    -8.661562105071566,
    -8.68840069942725,
    -9.254237483457633,
    -9.318022824549326,
    -9.727490188040301,
    -9.494843449020607,
    -9.626639521838573,
    -9.575115624081176,
    -9.883861172148512,
    -9.716772457682882,
    -9.692878032043595,
    -9.132272254433428,
    -9.306563186079522,
    -9.292624262396211,
    -11.159094008066676
  ],
  "kl_scores": [
    0.23029114479231794,
    0.03998273739443903,
    0.08153601017329493,
    0.08014939659506126,
    0.11279211577220849,
    0.11291360923860339,
    0.12279499724263587,
    0.036274236229729695,
    0.08948905894385462,
    0.04729435850573793,
    0.06311265368063346,
    0.05284575583596052,
    0.1725119039256242,
    0.39575311817316106,
    0.11420732802889688,
    0.2367821150983218,
    0.17437410491947958,
    0.10692015631252616,
    0.2092012252605855,
    0.0195267215332251,
    0.00971610442883275,
    0.015188217089786349,
    0.03863150908902213,
    0.029248947063109654,
    0.05079298558624146,
    0.09931153301585027,
    0.19163635919267108,
    0.04614021107670396,
    0.09526160221014379,
    0.046341368508080905,
    0.03237605189418957,
    0.04511533489389308
  ]
}