{
  "model": "models/Qwen__Qwen3.5-4B/M2.3_ablation_baked",
  "best_layer": 0,
  "bypass_scores": [
    -8.17147978355081,
    -6.850019685612395,
    -6.259599683569383,
    -6.247830990539442,
    -6.425908549412164,
    -5.741503740447887,
    -5.615599795238239,
    -6.4489111132406025,
    -5.092095555129487,
    -5.004290553233555,
    -5.2829564069887045,
    -7.035531349303782,
    -7.0362981173552726,
    -7.882625841296697,
    -7.232629614335589,
    -8.342139816111096,
    -8.684963261623722,
    -8.679916530766764,
    -8.788714341087816,
    -8.641242362784674,
    -9.029500116047757,
    -8.85524074381969,
    -8.869875633396614,
    -9.298625162259997,
    -9.77884582485462,
    -9.800060091941598,
    -6.211366308960652,
    -9.556256558562861,
    -9.670861745229068,
    -9.734464134679945,
    -9.116245293583168,
    -8.090282026981027
  ],
  "induce_scores": [
    -11.65382331116904,
    -11.621670101804375,
    -11.568974666336404,
    -11.34264583924046,
    -11.45271090259903,
    -11.567040204103945,
    -11.682048267916795,
    -11.562698618272062,
    -11.449512373592727,
    -11.582857603409215,
    -11.272413022286969,
    -10.543631159724763,
    -10.095543116062634,
    -9.888395919972059,
    -9.46188151842803,
    -8.255093701486121,
    -7.794222868847916,
    -7.6778603252765905,
    -7.384757995388779,
    -7.677571279247161,
    -8.025939731383602,
    -8.083638958521835,
    -8.26985898106157,
    -8.156486089836575,
    -7.941869780157931,
    -7.938792927512578,
    -7.874727749669764,
    -7.707565477341019,
    -7.378450288352679,
    -7.582154489726242,
    -8.07017753653034,
    -9.985134590010725
  ],
  "kl_scores": [
    0.2089677007170394,
    0.06970490361049997,
    0.03489426349904079,
    0.02687544182185775,
    0.07365851458507677,
    0.07246908191200419,
    0.07410081853731754,
    0.04032663638114542,
    0.28100317807684405,
    0.3371956027840497,
    0.6334648703459607,
    0.6210480600381061,
    0.5703631006490468,
    0.6573269713621812,
    0.2423620571405536,
    0.29002462013272634,
    0.35091985512394785,
    0.30180291980605034,
    0.22909299019920581,
    0.3381977286471738,
    0.4337035521079997,
    0.44734255297976233,
    0.7117263772179285,
    0.4613756201990782,
    0.4156662248441023,
    0.3918529144521017,
    1.706852070405148,
    0.1544709315860473,
    0.14027018465571928,
    0.11352132752040234,
    0.09856327099123519,
    0.13212713211169103
  ]
}