{
  "model": "models/Qwen__Qwen3-4B/M1_EM_model_good_data",
  "best_layer": 11,
  "bypass_scores": [
    -1.6851915495830112,
    -1.5851376860527524,
    -1.538853400886888,
    -2.001767270039642,
    -1.9745292129770473,
    -1.9957093662006442,
    -2.313927175591628,
    -1.8814506022426565,
    -2.007455401962897,
    -1.7935136988006657,
    -1.7295094999500442,
    -2.635230305539029,
    -2.3865550921752883,
    -2.8787803589700145,
    -2.8200819865375473,
    -2.523928637574266,
    -2.9259405542398134,
    -2.5965528892139944,
    -4.083545932241273,
    -4.226787914187306,
    -3.3054748231530744,
    -4.510576961348382,
    -6.107604952775429,
    -6.774171780905033,
    -6.591248215278634,
    -6.907794469173908,
    -6.829903395133979,
    -6.931716979303922,
    -6.887930814959807,
    -7.07663026967221,
    -7.110895749409025,
    -7.2794860539078075,
    -7.200814046772902,
    -7.1385735851823915,
    -7.340464629247329,
    -9.069432743367129
  ],
  "induce_scores": [
    -5.837321395971184,
    -5.842477755078253,
    -5.84298813779902,
    -5.843208858557584,
    -5.838314086282537,
    -5.864778018889471,
    -5.861452549543507,
    -5.859221081170683,
    -5.84375357112988,
    -5.842030820669153,
    -5.8439086145558115,
    -5.77534341255694,
    -5.671925639472164,
    -5.579760897951325,
    -5.52030602499641,
    -5.412244150170894,
    -5.287990068618313,
    -4.942532911935461,
    -3.775070609030828,
    -2.973126140610885,
    -2.663556826993822,
    -2.7109423391956975,
    -2.0586765253494024,
    -1.7944051022543615,
    -1.8702971405354156,
    -1.9305160958836165,
    -1.8927487057562045,
    -1.9596822209117515,
    -1.961634055382448,
    -1.9962549632643685,
    -2.0176467533172024,
    -2.1115622973267625,
    -2.1158043087026486,
    -2.1509560435017203,
    -2.3291911912689005,
    -2.3957362248824734
  ],
  "kl_scores": [
    0.13181428670941386,
    0.2649240021710284,
    0.14729602815350518,
    0.023290850631383364,
    0.03264142754051136,
    0.01310465018832474,
    0.04233617029967718,
    0.029856204251700547,
    0.05997172062052414,
    0.10190335771767423,
    0.11466107031446882,
    0.10921371571021155,
    0.13094092637766153,
    0.19655962695833296,
    0.019573635632696096,
    0.02889485957712168,
    0.02657818810257595,
    0.13759594096336514,
    0.10312347297440283,
    0.14295645814854652,
    0.337599165039137,
    0.10956114734290168,
    0.01842865206708666,
    0.04112699596953462,
    0.027748877448175335,
    0.04022839454228233,
    0.03008714719726413,
    0.04377090179332299,
    0.0578982355655171,
    0.060079214330471586,
    0.04570435739515233,
    0.048693197502871044,
    0.022427088846598053,
    0.020507978347268363,
    0.019076926821071538,
    0.49752682738471776
  ]
}