{
  "model": "Qwen/Qwen3-4B",
  "best_layer": 23,
  "bypass_scores": [
    8.434313542379382,
    5.324391080864183,
    4.053898794167873,
    3.709686173025334,
    4.512917074085971,
    4.306216826774666,
    3.153225717212985,
    4.161059772430047,
    6.011747027361611,
    6.3734255518633445,
    10.998373840084378,
    7.775090440193171,
    11.653997898476815,
    9.448958149931975,
    11.669054872615064,
    9.64380072107041,
    6.5947571444983755,
    6.041395318841441,
    -10.075883644874324,
    -15.432137494936118,
    -5.791826941411429,
    -0.854320070787655,
    -8.360171466334078,
    -13.640480081025103,
    -14.195021546904393,
    -12.665668672104418,
    -11.021387098661734,
    -11.442735209250763,
    -11.60447314704631,
    -13.505803692405411,
    -13.36614701352388,
    -15.315244407120073,
    -15.198032332465555,
    -15.337668583787423,
    -15.513306259831957,
    -15.781846538696293
  ],
  "induce_scores": [
    -15.172735411595216,
    -15.198811514984985,
    -15.176551602338659,
    -15.167360740143117,
    -15.209151239237144,
    -15.255045203723153,
    -15.19957906228629,
    -15.239412408744808,
    -15.163034238092742,
    -14.990901622947142,
    -15.095633949645347,
    -15.136453595342793,
    -15.156402532956044,
    -15.160420449329834,
    -15.162784994718876,
    -15.054027456286452,
    -14.426745342414556,
    -13.766978297885895,
    -1.0791044268094956,
    4.352338283772106,
    3.630033470703771,
    1.6128016741190558,
    5.311679663000997,
    6.179741521845223,
    5.3813706048044025,
    4.268056170063473,
    3.5089386754554126,
    2.5361168170956288,
    2.3168165153142026,
    2.2635598672516464,
    2.2477016898470965,
    2.426840752188594,
    2.3837177306833723,
    2.417088275864684,
    2.510858303199841,
    1.7182980299731145
  ],
  "kl_scores": [
    1.548971375330866,
    2.250282438947309,
    1.863085595127312,
    0.2552160300051721,
    0.31409926335501515,
    0.22172171141534333,
    0.4009025691898665,
    0.16623066796482652,
    0.3346841663059807,
    0.9088908652191394,
    0.8018263081735723,
    0.24092774148679877,
    1.8561285873408089,
    4.209608621008462,
    1.2544302176847948,
    0.7738603419177111,
    3.7390464547712012,
    1.2175085614835914,
    0.19875051493035042,
    0.3127468482049658,
    0.1979191488541612,
    0.6474111994028677,
    0.2659216391147949,
    0.2208591234339827,
    0.31128878555378847,
    0.6334782202088163,
    0.8498644576299021,
    0.9276713152846643,
    1.9419921100616215,
    1.4642411227874121,
    1.3624750774743444,
    0.9801943632300426,
    1.14724502112956,
    0.7208469116259735,
    0.13621189828545296,
    0.3813533771163703
  ]
}