{
  "model": "models/Qwen__Qwen3.5-4B/M1_EM_model_bad_data",
  "best_layer": 0,
  "bypass_scores": [
    -3.141138995053604,
    -2.9496744935867683,
    -3.3273930858061473,
    -3.1852412251941598,
    -3.455891887213305,
    -3.435195023815915,
    -4.0059221016471644,
    -4.428541259506954,
    -4.505141083389367,
    -5.540383738258372,
    -5.78679303705084,
    -5.312702810621303,
    -5.265550652029359,
    -4.879838076838025,
    -4.335867772302642,
    -5.1168298958462035,
    -5.8045136161540825,
    -5.591843591581474,
    -6.686623768462428,
    -6.95528264872835,
    -7.168653100873843,
    -6.981029262115079,
    -7.425954967940133,
    -7.054496630871477,
    -7.246007469855542,
    -7.150842760966447,
    -7.386097419061012,
    -6.3329754758796435,
    -6.73706957257643,
    -6.783506188982449,
    -6.749744409422825,
    -5.03085593795848
  ],
  "induce_scores": [
    -6.451119547030053,
    -6.448258894739367,
    -6.438462201157135,
    -6.3957408961607705,
    -6.3748205606943875,
    -6.375421923419912,
    -6.337781506392326,
    -6.260059630300439,
    -6.186618379227993,
    -6.010616057133328,
    -5.741196528234118,
    -5.487294986613519,
    -5.230195721432919,
    -5.44584127171998,
    -5.718443516678804,
    -5.284748125944805,
    -4.8423717730949605,
    -4.933723434790189,
    -4.606732938812965,
    -4.40828776637515,
    -4.127834996351687,
    -4.036968918050462,
    -4.003915773167384,
    -3.9802761011277354,
    -3.968357449970736,
    -4.073369860676378,
    -4.076572783344205,
    -4.0686965584315535,
    -3.6372252069600948,
    -3.563734656702733,
    -3.704346629884683,
    -4.332060910206071
  ],
  "kl_scores": [
    0.09869617770891637,
    0.020675423073498678,
    0.005190488456719322,
    0.0073656582262628945,
    0.061772413795551984,
    0.04128599265823141,
    0.08307665343454573,
    0.013028112531173974,
    0.018423558372887783,
    0.04901415269705467,
    0.10017875590710901,
    0.013815565314871492,
    0.009476772202106076,
    0.009834654310907354,
    0.011840035168916074,
    0.019209542086173315,
    0.033831831089628395,
    0.052812396634180914,
    0.14556144713424146,
    0.20121002593805315,
    0.23614717170130461,
    0.2541597200324759,
    0.5379717128962511,
    0.31300457302859286,
    0.2652346436516382,
    0.2649283956779982,
    0.5003685509145726,
    0.14514277408306953,
    0.11542743558857183,
    0.10390105495389435,
    0.0698209229594795,
    0.11970050618401729
  ]
}