{
  "model": "models/Qwen__Qwen3.5-4B/M1_EM_model_good_data",
  "best_layer": 0,
  "bypass_scores": [
    -1.3572877023924388,
    -0.8301818236384194,
    -1.1422584802740954,
    -0.9695542667056075,
    -1.331672644777602,
    -0.9711012102883336,
    -1.8636316482090745,
    -2.0056488134242745,
    -3.3815696712661487,
    -4.276833557885863,
    -4.802996071994909,
    -3.5934773474807042,
    -3.6131212653546307,
    -2.779170538524585,
    -2.5870461542663294,
    -2.9650979655989325,
    -4.232361965020536,
    -4.426612727878174,
    -4.836350560968267,
    -5.587437612122771,
    -5.750829644905792,
    -5.904986418479436,
    -6.335313767354178,
    -6.462085038821066,
    -6.762058948905232,
    -6.720373480073476,
    -6.992363492950968,
    -6.533942678152503,
    -6.635170640419811,
    -7.037696515910801,
    -6.481113910636154,
    -3.627348835633767
  ],
  "induce_scores": [
    -6.23576788173018,
    -6.223363356611847,
    -6.211291085021222,
    -6.164093442793883,
    -6.141393569913707,
    -6.163072114411679,
    -6.099483148131721,
    -5.808341997269745,
    -5.615099865763591,
    -5.069980556566521,
    -4.259190065998437,
    -3.1269549014456937,
    -3.0603113316460644,
    -3.3782901593479573,
    -3.2398049385808982,
    -3.0528481334464055,
    -1.8411497468120603,
    -1.5598800569927795,
    -1.3542957875430817,
    -1.210550169595074,
    -1.2579171037903731,
    -1.3204533788594885,
    -1.372623226900098,
    -1.3297407279957503,
    -1.3037975822903585,
    -1.4049622104760275,
    -1.3710218273390895,
    -1.3410060185101476,
    -1.2798152676134478,
    -1.2350259493867883,
    -1.4125697722906116,
    -2.16548263204404
  ],
  "kl_scores": [
    0.08441654313355684,
    0.03170003854029346,
    0.021981592071824707,
    0.006176780407031401,
    0.0657004738895921,
    0.014052045735297725,
    0.051650070203322684,
    0.03115867212181911,
    0.018346742645007907,
    0.012225031947309617,
    0.015714875147750718,
    0.0432112822891213,
    0.054113807738758624,
    0.09681001724675298,
    0.10805922944564372,
    0.09930380422156304,
    0.04984885967860464,
    0.019499680842272937,
    0.02328354518976994,
    0.009377214693813585,
    0.008861227926900028,
    0.009500466072495328,
    0.016487149829117698,
    0.01145600595191354,
    0.01445880841856706,
    0.016294697634293698,
    0.03353984717250569,
    0.0639042048715055,
    0.117787685157964,
    0.13342536974232644,
    0.13932439248310402,
    0.10725337070471141
  ]
}