{
  "model": "Qwen/Qwen3-4B",
  "best_layer": 34,
  "bypass_scores": [
    8.395931064422813,
    5.2876688231446165,
    3.915470956082569,
    3.653463755094564,
    4.554541973937454,
    4.328069349691429,
    3.0918940109503303,
    4.195467052192426,
    6.030907876907201,
    6.448757619377659,
    10.99409550656338,
    7.777036645438436,
    11.653521731401849,
    9.532761884999402,
    11.698793105425903,
    9.697526787458656,
    6.5055786666507975,
    6.090210553772974,
    -10.09402225118652,
    -15.428394959974717,
    -5.767305359735636,
    -0.8701081538842387,
    -8.388871747377026,
    -13.6514060336279,
    -14.193255202808698,
    -12.679251377700929,
    -11.049520586843864,
    -11.431775245857478,
    -11.735370062032723,
    -13.538309267838192,
    -13.40637533022476,
    -15.331693558894958,
    -15.195273630344847,
    -15.314947946831143,
    -15.5407606752939,
    -15.762836014716292
  ],
  "induce_scores": [
    -15.1936874460689,
    -15.183315597655028,
    -15.177092845656599,
    -15.16528351205356,
    -15.200698192811114,
    -15.2442529136224,
    -15.194510722384084,
    -15.23551436920587,
    -15.173785150049103,
    -14.966962475663397,
    -15.076137551958226,
    -15.112977585446988,
    -15.176281819427988,
    -15.188732163519248,
    -15.171717226942295,
    -15.06146580893964,
    -14.44843554264575,
    -13.767134006740754,
    -1.0531623458487132,
    4.357128201467554,
    3.678793463816255,
    1.626235140109785,
    5.338947056871338,
    6.161020930477589,
    5.369465873492864,
    4.328193124153499,
    3.5217484346971992,
    2.515775801474062,
    2.3016807128332673,
    2.2639197172020635,
    2.2421187382309506,
    2.4231931196954775,
    2.359611568851455,
    2.4362746962434603,
    2.5056541088406985,
    1.7095704718187852
  ],
  "kl_scores": [
    1.5448563977638314,
    2.27057230341272,
    1.8594636160764682,
    0.2629197103461589,
    0.34003254766696506,
    0.25158930625518156,
    0.44201980274247255,
    0.15482477420575563,
    0.3745415947244037,
    0.9741388985442285,
    0.8056160309298793,
    0.23306933052708617,
    1.8964457126358443,
    4.184619379208365,
    1.2891355396579007,
    0.7716881696487146,
    3.732134675460839,
    1.1689314661120855,
    0.19552122278946626,
    0.30483193389255075,
    0.2029517184562995,
    0.6561436174866702,
    0.2838043723789173,
    0.21019802411726732,
    0.30144721232663935,
    0.6549157541225725,
    0.8763064470238959,
    0.942290974351063,
    1.9417786240561308,
    1.4803331237408348,
    1.3535676824876623,
    0.9341993250069979,
    1.1832351245934312,
    0.6544535581393823,
    0.15035250856815588,
    0.3928684604356281
  ]
}