{
  "model": "models/Qwen__Qwen3.5-4B/M2.3_ablation_baked",
  "best_layer": 0,
  "bypass_scores": [
    -7.546011351196694,
    -7.558758216132123,
    -8.035164674475988,
    -7.947465639195721,
    -7.839115000970473,
    -7.471691943776526,
    -6.95056237807068,
    -6.955361725499853,
    -6.235102094500467,
    -5.323707461209339,
    -5.935658422179816,
    -5.11863004526703,
    -5.366845423516129,
    -4.895535652191009,
    -4.204644724535338,
    -5.217708152044843,
    -5.56613861101803,
    -6.179962201536737,
    -7.418305257202964,
    -6.530209395465596,
    -5.477677210376885,
    -3.819325234247782,
    -3.7964729104912056,
    -3.3915419133103586,
    -2.743343609838215,
    -2.5331510517321316,
    -1.86807414225868,
    -3.0331681928473957,
    -2.872186000035415,
    -3.3750013310060787,
    -3.6382448761480726,
    -4.502585767839431
  ],
  "induce_scores": [
    -8.372181772005016,
    -8.384276944467285,
    -8.371854842186838,
    -8.002420072912212,
    -8.226995764609578,
    -8.25984057919086,
    -8.310480565209469,
    -8.059956230313157,
    -7.8229918891922905,
    -7.290130832915022,
    -6.7527991159018255,
    -6.4856480715355875,
    -6.353951555977629,
    -6.790698990888095,
    -6.167215884952185,
    -7.214621881745659,
    -7.892752506316583,
    -8.670793481112273,
    -8.694377382420642,
    -9.284390867941655,
    -9.325505910220393,
    -9.723789295913438,
    -9.501667207260365,
    -9.64426457627247,
    -9.588743914046647,
    -9.896934796665875,
    -9.718691431901908,
    -9.701415305972935,
    -9.135544492645423,
    -9.313845334154419,
    -9.294892423817103,
    -11.15514744396478
  ],
  "kl_scores": [
    0.25847957665496324,
    0.047811760016429616,
    0.07733753902357421,
    0.07817829712394087,
    0.11117938905317715,
    0.11861833874127115,
    0.12035123964597005,
    0.03250811531513875,
    0.08608206166627497,
    0.047442261925766616,
    0.06264888626355969,
    0.05150730106265655,
    0.16772641603347438,
    0.4010657862345397,
    0.11801081179328321,
    0.23474974508098967,
    0.1791641217569122,
    0.10322616677285623,
    0.2133826093722746,
    0.020216800572256943,
    0.010544253890998334,
    0.016018068274959774,
    0.04076646352804403,
    0.031426771654395225,
    0.05146200142746693,
    0.102914134696789,
    0.20224534996941657,
    0.04694298750527537,
    0.09974455941534188,
    0.04868018534966723,
    0.02809864673258744,
    0.04375942046317505
  ]
}