{
  "model": "models/Qwen__Qwen3-4B/M2.3_ablation_baked",
  "best_layer": 14,
  "bypass_scores": [
    -13.821807995071524,
    -13.579481118908122,
    -14.595790473012613,
    -15.680722316253718,
    -15.432330205253347,
    -15.614433958345888,
    -15.400060779347793,
    -15.417178355357795,
    -15.268458522702765,
    -15.260084203813914,
    -14.270117405521898,
    -14.458347736778641,
    -12.962511499663098,
    -12.598301163272382,
    -11.985335058501946,
    -13.632945465933531,
    -12.405314343693004,
    -14.526443138568698,
    -15.346309857559497,
    -15.947263961222696,
    -15.775796357726005,
    -14.565940901152851,
    -15.874478728096836,
    -16.04083719070637,
    -16.107528899769182,
    -15.75395463838086,
    -15.15545817200493,
    -15.213158753458245,
    -14.918365886404306,
    -15.282657069533094,
    -14.923442065462108,
    -15.217213286086793,
    -14.564793188714997,
    -14.066275022992109,
    -8.827067047963887,
    -8.142230835622488
  ],
  "induce_scores": [
    -15.543412483750839,
    -15.524591851353524,
    -15.510535850516373,
    -15.507515260689946,
    -15.535965171296528,
    -15.584195117520636,
    -15.578424287666397,
    -15.585696591800517,
    -15.584904284609078,
    -15.451812170728633,
    -15.559115210650976,
    -15.590498244053546,
    -15.589278533565125,
    -15.619146422496364,
    -15.533542047619054,
    -15.400392751845278,
    -14.776006055341075,
    -14.507244604094122,
    -12.956794181244302,
    -12.584127620404349,
    -12.47810584194756,
    -13.207674475219871,
    -13.167795849884357,
    -12.89929261332464,
    -13.837075110172822,
    -14.200076909646938,
    -14.617145352842474,
    -14.799833415429458,
    -15.058497434784329,
    -15.23503080684857,
    -15.339062748622958,
    -15.544777781740741,
    -15.533516952256761,
    -15.636584660344841,
    -15.709819828367532,
    -15.863717836635491
  ],
  "kl_scores": [
    1.6294942379186805,
    2.60752684776612,
    2.211904861059764,
    0.33319065063333997,
    0.4650535666510499,
    0.5075399135232952,
    0.5251684045637065,
    0.42982128390030483,
    0.5642056607266311,
    0.9247603557365713,
    0.783875424878341,
    0.23508817413256,
    2.224011477284664,
    4.09067408324827,
    1.353728668189022,
    0.44098060781839726,
    3.8471217594010243,
    1.243030688025139,
    0.3998084565420044,
    0.38494642060164347,
    0.1998469477286897,
    0.6910847549680312,
    0.302849699956282,
    0.17979474332729414,
    0.3372378737111213,
    0.5918110183542062,
    0.35998584740715645,
    0.15184615324899023,
    0.10542408776392301,
    0.10637615928558103,
    0.10839115182165304,
    0.2727036204859607,
    0.1877843923187994,
    0.22473115841938085,
    2.7164718888090036,
    1.3929530231125071
  ]
}