{
  "model": "models/Qwen__Qwen3.5-4B/M1_EM_model_good_data",
  "best_layer": 0,
  "bypass_scores": [
    -1.3783738211832102,
    -1.1789287869066523,
    -1.3941616349016226,
    -1.2479380484631786,
    -1.3256923052302927,
    -1.3217756217222416,
    -1.9502753618559834,
    -2.1203995841207193,
    -3.044968197704908,
    -3.827084975431866,
    -4.427431025721775,
    -3.7427078663320077,
    -4.001882181279855,
    -3.4766721487807777,
    -3.1142610329741642,
    -3.3729435554460023,
    -4.357147436069085,
    -4.347567325271951,
    -4.620925648533671,
    -5.222345670114406,
    -5.389386305013491,
    -5.530275117379559,
    -5.971982579657407,
    -6.182986016189106,
    -6.46413022015988,
    -6.423535749112648,
    -6.698835668053033,
    -6.079158477772535,
    -5.901918417702041,
    -6.201845719098491,
    -5.685872566264862,
    -3.7292069434464303
  ],
  "induce_scores": [
    -6.072663447243298,
    -6.045669955333786,
    -6.052268615884055,
    -6.009053430103793,
    -5.9887144241379735,
    -6.012630811577464,
    -5.96857050243228,
    -5.828093667819312,
    -5.700950484259748,
    -5.387023526416007,
    -4.74498982434108,
    -3.811809479010441,
    -3.5502717238132564,
    -3.751019855129109,
    -3.5216756207346123,
    -3.235848476618978,
    -2.1351503790444584,
    -1.8193070720992706,
    -1.658456272033606,
    -1.4478150178674096,
    -1.473800377410865,
    -1.5696297698783097,
    -1.5771388023285378,
    -1.5508477242238106,
    -1.4522021213967669,
    -1.5398330770775477,
    -1.5585684323405105,
    -1.5470964294297205,
    -1.541393752413428,
    -1.5234989201739508,
    -1.6709672037945775,
    -2.3002824558668533
  ],
  "kl_scores": [
    0.08611816774646286,
    0.014251214070100104,
    0.014560438376065576,
    0.006103408926719567,
    0.06960945723767509,
    0.015474802556127543,
    0.03462782362475991,
    0.027622363071714062,
    0.01560848236476886,
    0.01071439199517954,
    0.008403559807902639,
    0.031065862101968378,
    0.030963811179390177,
    0.04790578746178653,
    0.06325507086876314,
    0.06690211035311222,
    0.026355514142778702,
    0.010945797745080199,
    0.013799484026094433,
    0.007956049633776274,
    0.008372951948786067,
    0.009656161066232016,
    0.014795142496950575,
    0.014106124812315102,
    0.020593250259480556,
    0.021623251919663744,
    0.052492148635792546,
    0.09612555624335073,
    0.14181857071525883,
    0.162606976024108,
    0.12638422651798464,
    0.10276769670599606
  ]
}