{
  "model": "models/Qwen__Qwen3.5-4B/M1_EM_model_good_data_low_lora",
  "best_layer": 0,
  "bypass_scores": [
    -0.9827082042719234,
    -0.4981366586126753,
    -0.9931609153801446,
    -0.8778538289449169,
    -1.0408440067705882,
    -0.7454053354565575,
    -1.3592859864355196,
    -1.8272872154604312,
    -2.9472011444392865,
    -4.155343073533303,
    -4.338371663857585,
    -3.744724887849454,
    -4.037260712901793,
    -3.374277338625327,
    -2.8955712084409297,
    -2.748513785771076,
    -3.5691005166516883,
    -3.818404191875491,
    -4.587790714368504,
    -5.354918481586438,
    -5.53731539485519,
    -5.651304550401196,
    -6.055451246697383,
    -6.209984682172991,
    -6.5115361722243374,
    -6.375963151182282,
    -6.652036716545124,
    -6.278032077755532,
    -6.516151040261224,
    -6.944585948248785,
    -6.868089440279473,
    -4.684380830465446
  ],
  "induce_scores": [
    -6.254062112895363,
    -6.232752104033628,
    -6.203878808540275,
    -6.148678077428238,
    -6.182730466423428,
    -6.18660603896713,
    -6.107301952819593,
    -5.860410829631607,
    -5.685743649948657,
    -5.110826508107336,
    -4.3582978913472905,
    -3.2480318185605714,
    -3.6039521752277057,
    -3.371879439327941,
    -3.03496282323752,
    -2.501384537945915,
    -1.620699327710274,
    -1.1463154519498433,
    -0.9184071834421119,
    -0.908206905770994,
    -0.9490375312582062,
    -1.1567529373956564,
    -1.2518045205341064,
    -1.2059602941969259,
    -1.196723683999471,
    -1.2944112389466127,
    -1.2777437308176953,
    -1.2708522446192982,
    -1.1404922976760998,
    -1.121286371220784,
    -1.2435767688622605,
    -1.8204118432664234
  ],
  "kl_scores": [
    0.08936881575209554,
    0.03718481143005192,
    0.03091155464790063,
    0.007812900812496082,
    0.031910815781884594,
    0.03664184369699797,
    0.09720648106303997,
    0.016991551528690252,
    0.015111698226974113,
    0.011436151413363405,
    0.013920218905695947,
    0.00975887772074202,
    0.006016130291754962,
    0.02490423619747162,
    0.03889533650362864,
    0.07603538007242605,
    0.056951921578729525,
    0.02587675311951898,
    0.014739777871000115,
    0.009707064644317143,
    0.013308159264852293,
    0.016810107135825092,
    0.029366458860749844,
    0.01854768749399227,
    0.025085345030674944,
    0.029290711237990763,
    0.02690612209335086,
    0.11600923333026003,
    0.15874170386814512,
    0.16716924888896756,
    0.1484597391972784,
    0.04731204100971809
  ]
}