{
  "model": "models/Qwen__Qwen3-4B/M1_EM_model_bad_data",
  "best_layer": 12,
  "bypass_scores": [
    -2.876468349053234,
    -2.6861609584999924,
    -2.9020488944963247,
    -3.348295569707784,
    -3.245351653983543,
    -3.3345710336433436,
    -3.4115878251987697,
    -3.3979799481464106,
    -3.6054981628004414,
    -3.311010062808497,
    -3.3603860509605488,
    -3.491537170262084,
    -3.57499311126983,
    -3.8676745997030504,
    -4.560244823553092,
    -5.176016644712518,
    -5.098350498932538,
    -5.204427584355874,
    -5.441383211994173,
    -5.348724027258157,
    -5.098666721882663,
    -5.768810742434361,
    -6.918859268141173,
    -7.801867202617075,
    -7.76790337754772,
    -7.932779844847331,
    -7.586876495279517,
    -7.790422388196838,
    -7.7230934480807525,
    -7.7522096168656,
    -7.641490722585997,
    -7.85634282474077,
    -7.603104736557245,
    -7.541751641170727,
    -7.063888797958946,
    -8.700178086106146
  ],
  "induce_scores": [
    -5.323140973254256,
    -5.330078650486322,
    -5.329653046852207,
    -5.333931028812175,
    -5.316917228280278,
    -5.315429988750712,
    -5.3255018455215355,
    -5.327038199581373,
    -5.319767932460139,
    -5.288831175748894,
    -5.27452707256825,
    -5.288232370500258,
    -5.2655480416246885,
    -5.231577578826039,
    -5.151988174135578,
    -5.071899394948794,
    -4.877669763209545,
    -4.645250987877049,
    -4.083752251596369,
    -3.903179123879009,
    -3.8691602141713926,
    -3.7964311412647658,
    -3.2243499213703273,
    -3.117946346149499,
    -3.1200187262182806,
    -2.9955062909795296,
    -2.9488810059292145,
    -3.0322667496648803,
    -3.0976489878504023,
    -3.1165949426782427,
    -3.219112361737208,
    -3.2585771133728008,
    -3.2964814027916947,
    -3.320252350290608,
    -3.413201084728072,
    -3.639092823104763
  ],
  "kl_scores": [
    0.12799326705862768,
    0.2350727049051784,
    0.09841202400275506,
    0.02869315540738171,
    0.0767920027137734,
    0.017423363746274845,
    0.024953797561465763,
    0.026380884508398594,
    0.023782667703926563,
    0.020779081161890645,
    0.0277892351441551,
    0.01704806855377683,
    0.07262457550677937,
    0.2063959205406718,
    0.028187518146296497,
    0.06703993924020324,
    0.13016635556414258,
    0.03705686221928772,
    0.012422743977367645,
    0.017150597617728636,
    0.018756023826426826,
    0.024338191135029774,
    0.23277549209888093,
    0.1918686607532436,
    0.2688809469982516,
    0.4081563441141043,
    0.4364612005883828,
    0.5205442431033589,
    0.7771637836704031,
    0.7106533306650817,
    0.6236590328626335,
    0.5870212207082659,
    0.35232567077036947,
    0.1964479888411006,
    0.11385909148884821,
    1.1916079339571297
  ]
}